{
  "test/integration/opaTests.qunit.html": 1711316624792,
  "test/integration/opaTests.qunit.js": 1711316624792,
  "test/integration/pages/RisksList.js": 1711316624804,
  "test/integration/pages/RisksObjectPage.js": 1711316624804,
  "test/integration/FirstJourney.js": 1711316624812,
  "test/testsuite.qunit.js": 1711316624788,
  "xs-app.json": 1711318095004,
  "manifest.json": 1711318095056,
  "Component.js": 1711316624748,
  "test/testsuite.qunit-dbg.js": 1711316624788,
  "test/testsuite.qunit.js.map": 1711318109852,
  "test/integration/pages/RisksList-dbg.js": 1711316624804,
  "test/integration/pages/RisksList.js.map": 1711318109865,
  "test/integration/pages/RisksObjectPage-dbg.js": 1711316624804,
  "test/integration/pages/RisksObjectPage.js.map": 1711318109863,
  "test/integration/FirstJourney-dbg.js": 1711316624812,
  "test/integration/FirstJourney.js.map": 1711318109869,
  "test/integration/opaTests.qunit-dbg.js": 1711316624792,
  "test/integration/opaTests.qunit.js.map": 1711318109861,
  "Component-dbg.js": 1711316624748,
  "Component.js.map": 1711318109863,
  "Component-preload.js": 1711318109964,
  "Component-preload.js.map": 1711318109964,
  "i18n/i18n.properties": 1711316701075,
  "test/testsuite.qunit.html": 1711316624784,
  "test/flpSandbox.html": 1711316624784,
  "index.html": 1711316624748
}